run_started_at,cron_lag_s,agency,feed,status,http_status,bytes,latency_ms,feed_ts,feed_age_s,entities,error
2026-10-08T23:56:29Z,89,mta,mta-1234567s,ok,200,195085,249,1791503784,5,446,
2026-10-08T23:56:29Z,89,mta,mta-ace,ok,200,114090,145,1791503787,2,258,
2026-10-08T23:56:29Z,89,mta,mta-bdfm,ok,200,158613,83,1791503780,9,318,
2026-10-08T23:56:29Z,89,mta,mta-g,ok,200,20825,100,1791503786,3,54,
2026-10-08T23:56:29Z,89,mta,mta-jz,ok,200,22822,79,1791503780,9,44,
2026-10-08T23:56:29Z,89,mta,mta-nqrw,ok,200,117310,136,1791503780,9,230,
2026-10-08T23:56:29Z,89,mta,mta-l,ok,200,31131,105,1791503782,8,54,
2026-10-08T23:56:29Z,89,mta,mta-si,ok,200,8780,66,1791503780,10,26,
2026-10-08T23:56:29Z,89,mta,mta-alerts,ok,200,527203,125,1791503588,202,209,
2026-10-08T23:56:29Z,89,njt,njt-rail,skipped,,0,0,,,0,no NJT credentials
2026-10-08T23:56:29Z,89,njt,njt-alerts,skipped,,0,0,,,0,no NJT credentials
